{"_id":{"$oid":"68a0637345044fc929e7a001"},"user":{"$oid":"68a036b603e7587ee0bff91c"},"title":"Abdullah","parent":null,"files":{},"metadata":{"type":"client","industry":"salud","description":"My","logoUrl":"/uploads/Profile Picture.png","contact":{"name":"Abdullha","whatsapp":"0346 85642918","position":"ventas","email":"maansoorabdullah@gmail.com"},"createdAt":"2025-08-16T10:54:42.456Z"},"timestamp":{"$date":"2025-08-16T10:54:43.303Z"}}
{"_id":{"$oid":"68a0637345044fc929e7a002"},"user":{"$oid":"68a036b603e7587ee0bff91c"},"title":"Abdullah","parent":null,"files":{},"metadata":{"type":"client","industry":"salud","description":"My","logoUrl":"/uploads/Profile Picture.png","contact":{"name":"Abdullha","whatsapp":"0346 85642918","position":"ventas","email":"maansoorabdullah@gmail.com"},"createdAt":"2025-08-16T10:55:42.456Z"},"timestamp":{"$date":"2025-08-16T10:55:43.303Z"}}
{"_id":{"$oid":"68a0637345044fc929e7a003"},"user":{"$oid":"68a036b603e7587ee0bff91c"},"title":"Abdullah","parent":null,"files":{},"metadata":{"type":"client","industry":"salud","description":"My","logoUrl":"/uploads/Profile Picture.png","contact":{"name":"Abdullha","whatsapp":"0346 85642918","position":"ventas","email":"maansoorabdullah@gmail.com"},"createdAt":"2025-08-16T10:56:42.456Z"},"timestamp":{"$date":"2025-08-16T10:56:43.303Z"}}
{"_id":{"$oid":"68a0637345044fc929e7a004"},"user":{"$oid":"68a036b603e7587ee0bff91c"},"title":"Abdullah","parent":null,"files":{},"metadata":{"type":"client","industry":"salud","description":"My","logoUrl":"/uploads/Profile Picture.png","contact":{"name":"Abdullha","whatsapp":"0346 85642918","position":"ventas","email":"maansoorabdullah@gmail.com"},"createdAt":"2025-08-16T10:57:42.456Z"},"timestamp":{"$date":"2025-08-16T10:57:43.303Z"}}
{"_id":{"$oid":"68a0637345044fc929e7a005"},"user":{"$oid":"68a036b603e7587ee0bff91c"},"title":"Abdullah","parent":null,"files":{},"metadata":{"type":"client","industry":"salud","description":"My","logoUrl":"/uploads/Profile Picture.png","contact":{"name":"Abdullha","whatsapp":"0346 85642918","position":"ventas","email":"maansoorabdullah@gmail.com"},"createdAt":"2025-08-16T10:58:42.456Z"},"timestamp":{"$date":"2025-08-16T10:58:43.303Z"}}
{"_id":{"$oid":"68a0637345044fc929e7a006"},"user":{"$oid":"68a036b603e7587ee0bff91c"},"title":"Abdullah","parent":null,"files":{},"metadata":{"type":"client","industry":"salud","description":"My","logoUrl":"/uploads/Profile Picture.png","contact":{"name":"Abdullha","whatsapp":"0346 85642918","position":"ventas","email":"maansoorabdullah@gmail.com"},"createdAt":"2025-08-16T10:59:42.456Z"},"timestamp":{"$date":"2025-08-16T10:59:43.303Z"}}
{"_id":{"$oid":"68a0637345044fc929e7a007"},"user":{"$oid":"68a036b603e7587ee0bff91c"},"title":"Abdullah","parent":null,"files":{},"metadata":{"type":"client","industry":"salud","description":"My","logoUrl":"/uploads/Profile Picture.png","contact":{"name":"Abdullha","whatsapp":"0346 85642918","position":"ventas","email":"maansoorabdullah@gmail.com"},"createdAt":"2025-08-16T11:00:42.456Z"},"timestamp":{"$date":"2025-08-16T11:00:43.303Z"}}
{"_id":{"$oid":"68a0637345044fc929e7a008"},"user":{"$oid":"68a036b603e7587ee0bff91c"},"title":"Abdullah","parent":null,"files":{},"metadata":{"type":"client","industry":"salud","description":"My","logoUrl":"/uploads/Profile Picture.png","contact":{"name":"Abdullha","whatsapp":"0346 85642918","position":"ventas","email":"maansoorabdullah@gmail.com"},"createdAt":"2025-08-16T11:01:42.456Z"},"timestamp":{"$date":"2025-08-16T11:01:43.303Z"}}
{"_id":{"$oid":"68a0637345044fc929e7a009"},"user":{"$oid":"68a036b603e7587ee0bff91c"},"title":"Abdullah","parent":null,"files":{},"metadata":{"type":"client","industry":"salud","description":"My","logoUrl":"/uploads/Profile Picture.png","contact":{"name":"Abdullha","whatsapp":"0346 85642918","position":"ventas","email":"maansoorabdullah@gmail.com"},"createdAt":"2025-08-16T11:02:42.456Z"},"timestamp":{"$date":"2025-08-16T11:02:43.303Z"}}
{"_id":{"$oid":"68a0637345044fc929e7a00a"},"user":{"$oid":"68a036b603e7587ee0bff91c"},"title":"Abdullah","parent":null,"files":{},"metadata":{"type":"client","industry":"salud","description":"My","logoUrl":"/uploads/Profile Picture.png","contact":{"name":"Abdullha","whatsapp":"0346 85642918","position":"ventas","email":"maansoorabdullah@gmail.com"},"createdAt":"2025-08-16T11:03:42.456Z"},"timestamp":{"$date":"2025-08-16T11:03:43.303Z"}}
{"_id":{"$oid":"68a0637345044fc929e7a00b"},"user":{"$oid":"68a036b603e7587ee0bff91c"},"title":"Abdullah","parent":null,"files":{},"metadata":{"type":"client","industry":"salud","description":"My","logoUrl":"/uploads/Profile Picture.png","contact":{"name":"Abdullha","whatsapp":"0346 85642918","position":"ventas","email":"maansoorabdullah@gmail.com"},"createdAt":"2025-08-16T11:04:42.456Z"},"timestamp":{"$date":"2025-08-16T11:04:43.303Z"}}
{"_id":{"$oid":"68a0637345044fc929e7a00c"},"user":{"$oid":"68a036b603e7587ee0bff91c"},"title":"Abdullah","parent":null,"files":{},"metadata":{"type":"client","industry":"salud","description":"My","logoUrl":"/uploads/Profile Picture.png","contact":{"name":"Abdullha","whatsapp":"0346 85642918","position":"ventas","email":"maansoorabdullah@gmail.com"},"createdAt":"2025-08-16T11:05:42.456Z"},"timestamp":{"$date":"2025-08-16T11:05:43.303Z"}}
{"_id":{"$oid":"68a0637345044fc929e7a00d"},"user":{"$oid":"68a036b603e7587ee0bff91c"},"title":"Abdullah","parent":null,"files":{},"metadata":{"type":"client","industry":"salud","description":"My","logoUrl":"/uploads/Profile Picture.png","contact":{"name":"Abdullha","whatsapp":"0346 85642918","position":"ventas","email":"maansoorabdullah@gmail.com"},"createdAt":"2025-08-16T11:06:42.456Z"},"timestamp":{"$date":"2025-08-16T11:06:43.303Z"}}
{"_id":{"$oid":"68a0637345044fc929e7a00e"},"user":{"$oid":"68a036b603e7587ee0bff91c"},"title":"Abdullah","parent":null,"files":{},"metadata":{"type":"client","industry":"salud","description":"My","logoUrl":"/uploads/Profile Picture.png","contact":{"name":"Abdullha","whatsapp":"0346 85642918","position":"ventas","email":"maansoorabdullah@gmail.com"},"createdAt":"2025-08-16T11:07:42.456Z"},"timestamp":{"$date":"2025-08-16T11:07:43.303Z"}}
{"_id":{"$oid":"68a0637345044fc929e7a00f"},"user":{"$oid":"68a036b603e7587ee0bff91c"},"title":"Abdullah","parent":null,"files":{},"metadata":{"type":"client","industry":"salud","description":"My","logoUrl":"/uploads/Profile Picture.png","contact":{"name":"Abdullha","whatsapp":"0346 85642918","position":"ventas","email":"maansoorabdullah@gmail.com"},"createdAt":"2025-08-16T11:08:42.456Z"},"timestamp":{"$date":"2025-08-16T11:08:43.303Z"}}
{"_id":{"$oid":"68a0637345044fc929e7a010"},"user":{"$oid":"68a036b603e7587ee0bff91c"},"title":"Abdullah","parent":null,"files":{},"metadata":{"type":"client","industry":"salud","description":"My","logoUrl":"/uploads/Profile Picture.png","contact":{"name":"Abdullha","whatsapp":"0346 85642918","position":"ventas","email":"maansoorabdullah@gmail.com"},"createdAt":"2025-08-16T11:09:42.456Z"},"timestamp":{"$date":"2025-08-16T11:09:43.303Z"}}
{"_id":{"$oid":"68a0637345044fc929e7a011"},"user":{"$oid":"68a036b603e7587ee0bff91c"},"title":"Abdullah","parent":null,"files":{},"metadata":{"type":"client","industry":"salud","description":"My","logoUrl":"/uploads/Profile Picture.png","contact":{"name":"Abdullha","whatsapp":"0346 85642918","position":"ventas","email":"maansoorabdullah@gmail.com"},"createdAt":"2025-08-16T11:10:42.456Z"},"timestamp":{"$date":"2025-08-16T11:10:43.303Z"}}
{"_id":{"$oid":"68a0637345044fc929e7a012"},"user":{"$oid":"68a036b603e7587ee0bff91c"},"title":"Abdullah","parent":null,"files":{},"metadata":{"type":"client","industry":"salud","description":"My","logoUrl":"/uploads/Profile Picture.png","contact":{"name":"Abdullha","whatsapp":"0346 85642918","position":"ventas","email":"maansoorabdullah@gmail.com"},"createdAt":"2025-08-16T11:11:42.456Z"},"timestamp":{"$date":"2025-08-16T11:11:43.303Z"}}
{"_id":{"$oid":"68a0637345044fc929e7a013"},"user":{"$oid":"68a036b603e7587ee0bff91c"},"title":"Abdullah","parent":null,"files":{},"metadata":{"type":"client","industry":"salud","description":"My","logoUrl":"/uploads/Profile Picture.png","contact":{"name":"Abdullha","whatsapp":"0346 85642918","position":"ventas","email":"maansoorabdullah@gmail.com"},"createdAt":"2025-08-16T11:12:42.456Z"},"timestamp":{"$date":"2025-08-16T11:12:43.303Z"}}
{"_id":{"$oid":"68a0637345044fc929e7a014"},"user":{"$oid":"68a036b603e7587ee0bff91c"},"title":"Abdullah","parent":null,"files":{},"metadata":{"type":"client","industry":"salud","description":"My","logoUrl":"/uploads/Profile Picture.png","contact":{"name":"Abdullha","whatsapp":"0346 85642918","position":"ventas","email":"maansoorabdullah@gmail.com"},"createdAt":"2025-08-16T11:13:42.456Z"},"timestamp":{"$date":"2025-08-16T11:13:43.303Z"}}
{"_id":{"$oid":"68a0637345044fc929e7a015"},"user":{"$oid":"68a036b603e7587ee0bff91c"},"title":"Abdullah","parent":null,"files":{},"metadata":{"type":"client","industry":"salud","description":"My","logoUrl":"/uploads/Profile Picture.png","contact":{"name":"Abdullha","whatsapp":"0346 85642918","position":"ventas","email":"maansoorabdullah@gmail.com"},"createdAt":"2025-08-16T11:14:42.456Z"},"timestamp":{"$date":"2025-08-16T11:14:43.303Z"}}
{"_id":{"$oid":"68a0637345044fc929e7a016"},"user":{"$oid":"68a036b603e7587ee0bff91c"},"title":"Abdullah","parent":null,"files":{},"metadata":{"type":"client","industry":"salud","description":"My","logoUrl":"/uploads/Profile Picture.png","contact":{"name":"Abdullha","whatsapp":"0346 85642918","position":"ventas","email":"maansoorabdullah@gmail.com"},"createdAt":"2025-08-16T11:15:42.456Z"},"timestamp":{"$date":"2025-08-16T11:15:43.303Z"}}
{"_id":{"$oid":"68a0637345044fc929e7a017"},"user":{"$oid":"68a036b603e7587ee0bff91c"},"title":"Abdullah","parent":null,"files":{},"metadata":{"type":"client","industry":"salud","description":"My","logoUrl":"/uploads/Profile Picture.png","contact":{"name":"Abdullha","whatsapp":"0346 85642918","position":"ventas","email":"maansoorabdullah@gmail.com"},"createdAt":"2025-08-16T11:16:42.456Z"},"timestamp":{"$date":"2025-08-16T11:16:43.303Z"}}
{"_id":{"$oid":"68a0637345044fc929e7a018"},"user":{"$oid":"68a036b603e7587ee0bff91c"},"title":"Abdullah","parent":null,"files":{},"metadata":{"type":"client","industry":"salud","description":"My","logoUrl":"/uploads/Profile Picture.png","contact":{"name":"Abdullha","whatsapp":"0346 85642918","position":"ventas","email":"maansoorabdullah@gmail.com"},"createdAt":"2025-08-16T11:17:42.456Z"},"timestamp":{"$date":"2025-08-16T11:17:43.303Z"}}
{"_id":{"$oid":"68a0637345044fc929e7a019"},"user":{"$oid":"68a036b603e7587ee0bff91c"},"title":"Abdullah","parent":null,"files":{},"metadata":{"type":"client","industry":"salud","description":"My","logoUrl":"/uploads/Profile Picture.png","contact":{"name":"Abdullha","whatsapp":"0346 85642918","position":"ventas","email":"maansoorabdullah@gmail.com"},"createdAt":"2025-08-16T11:18:42.456Z"},"timestamp":{"$date":"2025-08-16T11:18:43.303Z"}}
{"_id":{"$oid":"68a0637345044fc929e7a01a"},"user":{"$oid":"68a036b603e7587ee0bff91c"},"title":"Abdullah","parent":null,"files":{},"metadata":{"type":"client","industry":"salud","description":"My","logoUrl":"/uploads/Profile Picture.png","contact":{"name":"Abdullha","whatsapp":"0346 85642918","position":"ventas","email":"maansoorabdullah@gmail.com"},"createdAt":"2025-08-16T11:19:42.456Z"},"timestamp":{"$date":"2025-08-16T11:19:43.303Z"}}
{"_id":{"$oid":"68a0637345044fc929e7a01b"},"user":{"$oid":"68a036b603e7587ee0bff91c"},"title":"Abdullah","parent":null,"files":{},"metadata":{"type":"client","industry":"salud","description":"My","logoUrl":"/uploads/Profile Picture.png","contact":{"name":"Abdullha","whatsapp":"0346 85642918","position":"ventas","email":"maansoorabdullah@gmail.com"},"createdAt":"2025-08-16T11:20:42.456Z"},"timestamp":{"$date":"2025-08-16T11:20:43.303Z"}}
{"_id":{"$oid":"68a0637345044fc929e7a01c"},"user":{"$oid":"68a036b603e7587ee0bff91c"},"title":"Abdullah","parent":null,"files":{},"metadata":{"type":"client","industry":"salud","description":"My","logoUrl":"/uploads/Profile Picture.png","contact":{"name":"Abdullha","whatsapp":"0346 85642918","position":"ventas","email":"maansoorabdullah@gmail.com"},"createdAt":"2025-08-16T11:21:42.456Z"},"timestamp":{"$date":"2025-08-16T11:21:43.303Z"}}
{"_id":{"$oid":"68a0637345044fc929e7a01d"},"user":{"$oid":"68a036b603e7587ee0bff91c"},"title":"Abdullah","parent":null,"files":{},"metadata":{"type":"client","industry":"salud","description":"My","logoUrl":"/uploads/Profile Picture.png","contact":{"name":"Abdullha","whatsapp":"0346 85642918","position":"ventas","email":"maansoorabdullah@gmail.com"},"createdAt":"2025-08-16T11:22:42.456Z"},"timestamp":{"$date":"2025-08-16T11:22:43.303Z"}}
{"_id":{"$oid":"68a0637345044fc929e7a01e"},"user":{"$oid":"68a036b603e7587ee0bff91c"},"title":"Abdullah","parent":null,"files":{},"metadata":{"type":"client","industry":"salud","description":"My","logoUrl":"/uploads/Profile Picture.png","contact":{"name":"Abdullha","whatsapp":"0346 85642918","position":"ventas","email":"maansoorabdullah@gmail.com"},"createdAt":"2025-08-16T11:23:42.456Z"},"timestamp":{"$date":"2025-08-16T11:23:43.303Z"}}
{"_id":{"$oid":"68a0637345044fc929e7a01f"},"user":{"$oid":"68a036b603e7587ee0bff91c"},"title":"Abdullah","parent":null,"files":{},"metadata":{"type":"client","industry":"salud","description":"My","logoUrl":"/uploads/Profile Picture.png","contact":{"name":"Abdullha","whatsapp":"0346 85642918","position":"ventas","email":"maansoorabdullah@gmail.com"},"createdAt":"2025-08-16T11:24:42.456Z"},"timestamp":{"$date":"2025-08-16T11:24:43.303Z"}}
{"_id":{"$oid":"68a0637345044fc929e7a020"},"user":{"$oid":"68a036b603e7587ee0bff91c"},"title":"Abdullah","parent":null,"files":{},"metadata":{"type":"client","industry":"salud","description":"My","logoUrl":"/uploads/Profile Picture.png","contact":{"name":"Abdullha","whatsapp":"0346 85642918","position":"ventas","email":"maansoorabdullah@gmail.com"},"createdAt":"2025-08-16T11:25:42.456Z"},"timestamp":{"$date":"2025-08-16T11:25:43.303Z"}}
{"_id":{"$oid":"68a0637345044fc929e7a021"},"user":{"$oid":"68a036b603e7587ee0bff91c"},"title":"Abdullah","parent":null,"files":{},"metadata":{"type":"client","industry":"salud","description":"My","logoUrl":"/uploads/Profile Picture.png","contact":{"name":"Abdullha","whatsapp":"0346 85642918","position":"ventas","email":"maansoorabdullah@gmail.com"},"createdAt":"2025-08-16T11:26:42.456Z"},"timestamp":{"$date":"2025-08-16T11:26:43.303Z"}}
{"_id":{"$oid":"68a0637345044fc929e7a022"},"user":{"$oid":"68a036b603e7587ee0bff91c"},"title":"Abdullah","parent":null,"files":{},"metadata":{"type":"client","industry":"salud","description":"My","logoUrl":"/uploads/Profile Picture.png","contact":{"name":"Abdullha","whatsapp":"0346 85642918","position":"ventas","email":"maansoorabdullah@gmail.com"},"createdAt":"2025-08-16T11:27:42.456Z"},"timestamp":{"$date":"2025-08-16T11:27:43.303Z"}}
{"_id":{"$oid":"68a0637345044fc929e7a023"},"user":{"$oid":"68a036b603e7587ee0bff91c"},"title":"Abdullah","parent":null,"files":{},"metadata":{"type":"client","industry":"salud","description":"My","logoUrl":"/uploads/Profile Picture.png","contact":{"name":"Abdullha","whatsapp":"0346 85642918","position":"ventas","email":"maansoorabdullah@gmail.com"},"createdAt":"2025-08-16T11:28:42.456Z"},"timestamp":{"$date":"2025-08-16T11:28:43.303Z"}}
{"_id":{"$oid":"68a0637345044fc929e7a024"},"user":{"$oid":"68a036b603e7587ee0bff91c"},"title":"Abdullah","parent":null,"files":{},"metadata":{"type":"client","industry":"salud","description":"My","logoUrl":"/uploads/Profile Picture.png","contact":{"name":"Abdullha","whatsapp":"0346 85642918","position":"ventas","email":"maansoorabdullah@gmail.com"},"createdAt":"2025-08-16T11:29:42.456Z"},"timestamp":{"$date":"2025-08-16T11:29:43.303Z"}}
{"_id":{"$oid":"68a0637345044fc929e7a025"},"user":{"$oid":"68a036b603e7587ee0bff91c"},"title":"Abdullah","parent":null,"files":{},"metadata":{"type":"client","industry":"salud","description":"My","logoUrl":"/uploads/Profile Picture.png","contact":{"name":"Abdullha","whatsapp":"0346 85642918","position":"ventas","email":"maansoorabdullah@gmail.com"},"createdAt":"2025-08-16T11:30:42.456Z"},"timestamp":{"$date":"2025-08-16T11:30:43.303Z"}}
{"_id":{"$oid":"68a0637345044fc929e7a026"},"user":{"$oid":"68a036b603e7587ee0bff91c"},"title":"Abdullah","parent":null,"files":{},"metadata":{"type":"client","industry":"salud","description":"My","logoUrl":"/uploads/Profile Picture.png","contact":{"name":"Abdullha","whatsapp":"0346 85642918","position":"ventas","email":"maansoorabdullah@gmail.com"},"createdAt":"2025-08-16T11:31:42.456Z"},"timestamp":{"$date":"2025-08-16T11:31:43.303Z"}}
{"_id":{"$oid":"68a0637345044fc929e7a027"},"user":{"$oid":"68a036b603e7587ee0bff91c"},"title":"Abdullah","parent":null,"files":{},"metadata":{"type":"client","industry":"salud","description":"My","logoUrl":"/uploads/Profile Picture.png","contact":{"name":"Abdullha","whatsapp":"0346 85642918","position":"ventas","email":"maansoorabdullah@gmail.com"},"createdAt":"2025-08-16T11:32:42.456Z"},"timestamp":{"$date":"2025-08-16T11:32:43.303Z"}}
{"_id":{"$oid":"68a0637345044fc929e7a028"},"user":{"$oid":"68a036b603e7587ee0bff91c"},"title":"Abdullah","parent":null,"files":{},"metadata":{"type":"client","industry":"salud","description":"My","logoUrl":"/uploads/Profile Picture.png","contact":{"name":"Abdullha","whatsapp":"0346 85642918","position":"ventas","email":"maansoorabdullah@gmail.com"},"createdAt":"2025-08-16T11:33:42.456Z"},"timestamp":{"$date":"2025-08-16T11:33:43.303Z"}}
{"_id":{"$oid":"68a0637345044fc929e7a029"},"user":{"$oid":"68a036b603e7587ee0bff91c"},"title":"Abdullah","parent":null,"files":{},"metadata":{"type":"client","industry":"salud","description":"My","logoUrl":"/uploads/Profile Picture.png","contact":{"name":"Abdullha","whatsapp":"0346 85642918","position":"ventas","email":"maansoorabdullah@gmail.com"},"createdAt":"2025-08-16T11:34:42.456Z"},"timestamp":{"$date":"2025-08-16T11:34:43.303Z"}}
{"_id":{"$oid":"68a0637345044fc929e7a02a"},"user":{"$oid":"68a036b603e7587ee0bff91c"},"title":"Abdullah","parent":null,"files":{},"metadata":{"type":"client","industry":"salud","description":"My","logoUrl":"/uploads/Profile Picture.png","contact":{"name":"Abdullha","whatsapp":"0346 85642918","position":"ventas","email":"maansoorabdullah@gmail.com"},"createdAt":"2025-08-16T11:35:42.456Z"},"timestamp":{"$date":"2025-08-16T11:35:43.303Z"}}
{"_id":{"$oid":"68a0637345044fc929e7a02b"},"user":{"$oid":"68a036b603e7587ee0bff91c"},"title":"Abdullah","parent":null,"files":{},"metadata":{"type":"client","industry":"salud","description":"My","logoUrl":"/uploads/Profile Picture.png","contact":{"name":"Abdullha","whatsapp":"0346 85642918","position":"ventas","email":"maansoorabdullah@gmail.com"},"createdAt":"2025-08-16T11:36:42.456Z"},"timestamp":{"$date":"2025-08-16T11:36:43.303Z"}}
{"_id":{"$oid":"68a0637345044fc929e7a02c"},"user":{"$oid":"68a036b603e7587ee0bff91c"},"title":"Abdullah","parent":null,"files":{},"metadata":{"type":"client","industry":"salud","description":"My","logoUrl":"/uploads/Profile Picture.png","contact":{"name":"Abdullha","whatsapp":"0346 85642918","position":"ventas","email":"maansoorabdullah@gmail.com"},"createdAt":"2025-08-16T11:37:42.456Z"},"timestamp":{"$date":"2025-08-16T11:37:43.303Z"}}
{"_id":{"$oid":"68a0637345044fc929e7a02d"},"user":{"$oid":"68a036b603e7587ee0bff91c"},"title":"Abdullah","parent":null,"files":{},"metadata":{"type":"client","industry":"salud","description":"My","logoUrl":"/uploads/Profile Picture.png","contact":{"name":"Abdullha","whatsapp":"0346 85642918","position":"ventas","email":"maansoorabdullah@gmail.com"},"createdAt":"2025-08-16T11:38:42.456Z"},"timestamp":{"$date":"2025-08-16T11:38:43.303Z"}}
{"_id":{"$oid":"68a0637345044fc929e7a02e"},"user":{"$oid":"68a036b603e7587ee0bff91c"},"title":"Abdullah","parent":null,"files":{},"metadata":{"type":"client","industry":"salud","description":"My","logoUrl":"/uploads/Profile Picture.png","contact":{"name":"Abdullha","whatsapp":"0346 85642918","position":"ventas","email":"maansoorabdullah@gmail.com"},"createdAt":"2025-08-16T11:39:42.456Z"},"timestamp":{"$date":"2025-08-16T11:39:43.303Z"}}
{"_id":{"$oid":"68a0637345044fc929e7a02f"},"user":{"$oid":"68a036b603e7587ee0bff91c"},"title":"Abdullah","parent":null,"files":{},"metadata":{"type":"client","industry":"salud","description":"My","logoUrl":"/uploads/Profile Picture.png","contact":{"name":"Abdullha","whatsapp":"0346 85642918","position":"ventas","email":"maansoorabdullah@gmail.com"},"createdAt":"2025-08-16T11:40:42.456Z"},"timestamp":{"$date":"2025-08-16T11:40:43.303Z"}}
{"_id":{"$oid":"68a0637345044fc929e7a030"},"user":{"$oid":"68a036b603e7587ee0bff91c"},"title":"Abdullah","parent":null,"files":{},"metadata":{"type":"client","industry":"salud","description":"My","logoUrl":"/uploads/Profile Picture.png","contact":{"name":"Abdullha","whatsapp":"0346 85642918","position":"ventas","email":"maansoorabdullah@gmail.com"},"createdAt":"2025-08-16T11:41:42.456Z"},"timestamp":{"$date":"2025-08-16T11:41:43.303Z"}}
{"_id":{"$oid":"68a0637345044fc929e7a031"},"user":{"$oid":"68a036b603e7587ee0bff91c"},"title":"Abdullah","parent":null,"files":{},"metadata":{"type":"client","industry":"salud","description":"My","logoUrl":"/uploads/Profile Picture.png","contact":{"name":"Abdullha","whatsapp":"0346 85642918","position":"ventas","email":"maansoorabdullah@gmail.com"},"createdAt":"2025-08-16T11:42:42.456Z"},"timestamp":{"$date":"2025-08-16T11:42:43.303Z"}}
{"_id":{"$oid":"68a0637345044fc929e7a032"},"user":{"$oid":"68a036b603e7587ee0bff91c"},"title":"Abdullah","parent":null,"files":{},"metadata":{"type":"client","industry":"salud","description":"My","logoUrl":"/uploads/Profile Picture.png","contact":{"name":"Abdullha","whatsapp":"0346 85642918","position":"ventas","email":"maansoorabdullah@gmail.com"},"createdAt":"2025-08-16T11:43:42.456Z"},"timestamp":{"$date":"2025-08-16T11:43:43.303Z"}}
{"_id":{"$oid":"68a0637345044fc929e7a033"},"user":{"$oid":"68a036b603e7587ee0bff91c"},"title":"Abdullah","parent":null,"files":{},"metadata":{"type":"client","industry":"salud","description":"My","logoUrl":"/uploads/Profile Picture.png","contact":{"name":"Abdullha","whatsapp":"0346 85642918","position":"ventas","email":"maansoorabdullah@gmail.com"},"createdAt":"2025-08-16T11:44:42.456Z"},"timestamp":{"$date":"2025-08-16T11:44:43.303Z"}}
{"_id":{"$oid":"68a0637345044fc929e7a034"},"user":{"$oid":"68a036b603e7587ee0bff91c"},"title":"Abdullah","parent":null,"files":{},"metadata":{"type":"client","industry":"salud","description":"My","logoUrl":"/uploads/Profile Picture.png","contact":{"name":"Abdullha","whatsapp":"0346 85642918","position":"ventas","email":"maansoorabdullah@gmail.com"},"createdAt":"2025-08-16T11:45:42.456Z"},"timestamp":{"$date":"2025-08-16T11:45:43.303Z"}}
{"_id":{"$oid":"68a0637345044fc929e7a035"},"user":{"$oid":"68a036b603e7587ee0bff91c"},"title":"Abdullah","parent":null,"files":{},"metadata":{"type":"client","industry":"salud","description":"My","logoUrl":"/uploads/Profile Picture.png","contact":{"name":"Abdullha","whatsapp":"0346 85642918","position":"ventas","email":"maansoorabdullah@gmail.com"},"createdAt":"2025-08-16T11:46:42.456Z"},"timestamp":{"$date":"2025-08-16T11:46:43.303Z"}}
{"_id":{"$oid":"68a0637345044fc929e7a036"},"user":{"$oid":"68a036b603e7587ee0bff91c"},"title":"Abdullah","parent":null,"files":{},"metadata":{"type":"client","industry":"salud","description":"My","logoUrl":"/uploads/Profile Picture.png","contact":{"name":"Abdullha","whatsapp":"0346 85642918","position":"ventas","email":"maansoorabdullah@gmail.com"},"createdAt":"2025-08-16T11:47:42.456Z"},"timestamp":{"$date":"2025-08-16T11:47:43.303Z"}}
{"_id":{"$oid":"68a0637345044fc929e7a037"},"user":{"$oid":"68a036b603e7587ee0bff91c"},"title":"Abdullah","parent":null,"files":{},"metadata":{"type":"client","industry":"salud","description":"My","logoUrl":"/uploads/Profile Picture.png","contact":{"name":"Abdullha","whatsapp":"0346 85642918","position":"ventas","email":"maansoorabdullah@gmail.com"},"createdAt":"2025-08-16T11:48:42.456Z"},"timestamp":{"$date":"2025-08-16T11:48:43.303Z"}}
{"_id":{"$oid":"68a0637345044fc929e7a038"},"user":{"$oid":"68a036b603e7587ee0bff91c"},"title":"Abdullah","parent":null,"files":{},"metadata":{"type":"client","industry":"salud","description":"My","logoUrl":"/uploads/Profile Picture.png","contact":{"name":"Abdullha","whatsapp":"0346 85642918","position":"ventas","email":"maansoorabdullah@gmail.com"},"createdAt":"2025-08-16T11:49:42.456Z"},"timestamp":{"$date":"2025-08-16T11:49:43.303Z"}}
{"_id":{"$oid":"68a0637345044fc929e7a039"},"user":{"$oid":"68a036b603e7587ee0bff91c"},"title":"Abdullah","parent":null,"files":{},"metadata":{"type":"client","industry":"salud","description":"My","logoUrl":"/uploads/Profile Picture.png","contact":{"name":"Abdullha","whatsapp":"0346 85642918","position":"ventas","email":"maansoorabdullah@gmail.com"},"createdAt":"2025-08-16T11:50:42.456Z"},"timestamp":{"$date":"2025-08-16T11:50:43.303Z"}}
{"_id":{"$oid":"68a0637345044fc929e7a03a"},"user":{"$oid":"68a036b603e7587ee0bff91c"},"title":"Abdullah","parent":null,"files":{},"metadata":{"type":"client","industry":"salud","description":"My","logoUrl":"/uploads/Profile Picture.png","contact":{"name":"Abdullha","whatsapp":"0346 85642918","position":"ventas","email":"maansoorabdullah@gmail.com"},"createdAt":"2025-08-16T11:51:42.456Z"},"timestamp":{"$date":"2025-08-16T11:51:43.303Z"}}
{"_id":{"$oid":"68a0637345044fc929e7a03b"},"user":{"$oid":"68a036b603e7587ee0bff91c"},"title":"Abdullah","parent":null,"files":{},"metadata":{"type":"client","industry":"salud","description":"My","logoUrl":"/uploads/Profile Picture.png","contact":{"name":"Abdullha","whatsapp":"0346 85642918","position":"ventas","email":"maansoorabdullah@gmail.com"},"createdAt":"2025-08-16T11:52:42.456Z"},"timestamp":{"$date":"2025-08-16T11:52:43.303Z"}}
{"_id":{"$oid":"68a0637345044fc929e7a03c"},"user":{"$oid":"68a036b603e7587ee0bff91c"},"title":"Abdullah","parent":null,"files":{},"metadata":{"type":"client","industry":"salud","description":"My","logoUrl":"/uploads/Profile Picture.png","contact":{"name":"Abdullha","whatsapp":"0346 85642918","position":"ventas","email":"maansoorabdullah@gmail.com"},"createdAt":"2025-08-16T11:53:42.456Z"},"timestamp":{"$date":"2025-08-16T11:53:43.303Z"}}
{"_id":{"$oid":"68a0637345044fc929e7a03d"},"user":{"$oid":"68a036b603e7587ee0bff91c"},"title":"Abdullah","parent":null,"files":{},"metadata":{"type":"client","industry":"salud","description":"My","logoUrl":"/uploads/Profile Picture.png","contact":{"name":"Abdullha","whatsapp":"0346 85642918","position":"ventas","email":"maansoorabdullah@gmail.com"},"createdAt":"2025-08-16T11:54:42.456Z"},"timestamp":{"$date":"2025-08-16T11:54:43.303Z"}}
{"_id":{"$oid":"68a0637345044fc929e7a03e"},"user":{"$oid":"68a036b603e7587ee0bff91c"},"title":"Abdullah","parent":null,"files":{},"metadata":{"type":"client","industry":"salud","description":"My","logoUrl":"/uploads/Profile Picture.png","contact":{"name":"Abdullha","whatsapp":"0346 85642918","position":"ventas","email":"maansoorabdullah@gmail.com"},"createdAt":"2025-08-16T11:55:42.456Z"},"timestamp":{"$date":"2025-08-16T11:55:43.303Z"}}
{"_id":{"$oid":"68a0637345044fc929e7a03f"},"user":{"$oid":"68a036b603e7587ee0bff91c"},"title":"Abdullah","parent":null,"files":{},"metadata":{"type":"client","industry":"salud","description":"My","logoUrl":"/uploads/Profile Picture.png","contact":{"name":"Abdullha","whatsapp":"0346 85642918","position":"ventas","email":"maansoorabdullah@gmail.com"},"createdAt":"2025-08-16T11:56:42.456Z"},"timestamp":{"$date":"2025-08-16T11:56:43.303Z"}}
{"_id":{"$oid":"68a0637345044fc929e7a040"},"user":{"$oid":"68a036b603e7587ee0bff91c"},"title":"Abdullah","parent":null,"files":{},"metadata":{"type":"client","industry":"salud","description":"My","logoUrl":"/uploads/Profile Picture.png","contact":{"name":"Abdullha","whatsapp":"0346 85642918","position":"ventas","email":"maansoorabdullah@gmail.com"},"createdAt":"2025-08-16T11:57:42.456Z"},"timestamp":{"$date":"2025-08-16T11:57:43.303Z"}}
{"_id":{"$oid":"68a0637345044fc929e7a041"},"user":{"$oid":"68a036b603e7587ee0bff91c"},"title":"Abdullah","parent":null,"files":{},"metadata":{"type":"client","industry":"salud","description":"My","logoUrl":"/uploads/Profile Picture.png","contact":{"name":"Abdullha","whatsapp":"0346 85642918","position":"ventas","email":"maansoorabdullah@gmail.com"},"createdAt":"2025-08-16T11:58:42.456Z"},"timestamp":{"$date":"2025-08-16T11:58:43.303Z"}}
{"_id":{"$oid":"68a0637345044fc929e7a042"},"user":{"$oid":"68a036b603e7587ee0bff91c"},"title":"Abdullah","parent":null,"files":{},"metadata":{"type":"client","industry":"salud","description":"My","logoUrl":"/uploads/Profile Picture.png","contact":{"name":"Abdullha","whatsapp":"0346 85642918","position":"ventas","email":"maansoorabdullah@gmail.com"},"createdAt":"2025-08-16T11:59:42.456Z"},"timestamp":{"$date":"2025-08-16T11:59:43.303Z"}}
{"_id":{"$oid":"68a0637345044fc929e7a043"},"user":{"$oid":"68a036b603e7587ee0bff91c"},"title":"Abdullah","parent":null,"files":{},"metadata":{"type":"client","industry":"salud","description":"My","logoUrl":"/uploads/Profile Picture.png","contact":{"name":"Abdullha","whatsapp":"0346 85642918","position":"ventas","email":"maansoorabdullah@gmail.com"},"createdAt":"2025-08-16T12:00:42.456Z"},"timestamp":{"$date":"2025-08-16T12:00:43.303Z"}}
{"_id":{"$oid":"68a0637345044fc929e7a044"},"user":{"$oid":"68a036b603e7587ee0bff91c"},"title":"Abdullah","parent":null,"files":{},"metadata":{"type":"client","industry":"salud","description":"My","logoUrl":"/uploads/Profile Picture.png","contact":{"name":"Abdullha","whatsapp":"0346 85642918","position":"ventas","email":"maansoorabdullah@gmail.com"},"createdAt":"2025-08-16T12:01:42.456Z"},"timestamp":{"$date":"2025-08-16T12:01:43.303Z"}}
{"_id":{"$oid":"68a0637345044fc929e7a045"},"user":{"$oid":"68a036b603e7587ee0bff91c"},"title":"Abdullah","parent":null,"files":{},"metadata":{"type":"client","industry":"salud","description":"My","logoUrl":"/uploads/Profile Picture.png","contact":{"name":"Abdullha","whatsapp":"0346 85642918","position":"ventas","email":"maansoorabdullah@gmail.com"},"createdAt":"2025-08-16T12:02:42.456Z"},"timestamp":{"$date":"2025-08-16T12:02:43.303Z"}}
{"_id":{"$oid":"68a0637345044fc929e7a046"},"user":{"$oid":"68a036b603e7587ee0bff91c"},"title":"Abdullah","parent":null,"files":{},"metadata":{"type":"client","industry":"salud","description":"My","logoUrl":"/uploads/Profile Picture.png","contact":{"name":"Abdullha","whatsapp":"0346 85642918","position":"ventas","email":"maansoorabdullah@gmail.com"},"createdAt":"2025-08-16T12:03:42.456Z"},"timestamp":{"$date":"2025-08-16T12:03:43.303Z"}}
{"_id":{"$oid":"68a0637345044fc929e7a047"},"user":{"$oid":"68a036b603e7587ee0bff91c"},"title":"Abdullah","parent":null,"files":{},"metadata":{"type":"client","industry":"salud","description":"My","logoUrl":"/uploads/Profile Picture.png","contact":{"name":"Abdullha","whatsapp":"0346 85642918","position":"ventas","email":"maansoorabdullah@gmail.com"},"createdAt":"2025-08-16T12:04:42.456Z"},"timestamp":{"$date":"2025-08-16T12:04:43.303Z"}}
{"_id":{"$oid":"68a0637345044fc929e7a048"},"user":{"$oid":"68a036b603e7587ee0bff91c"},"title":"Abdullah","parent":null,"files":{},"metadata":{"type":"client","industry":"salud","description":"My","logoUrl":"/uploads/Profile Picture.png","contact":{"name":"Abdullha","whatsapp":"0346 85642918","position":"ventas","email":"maansoorabdullah@gmail.com"},"createdAt":"2025-08-16T12:05:42.456Z"},"timestamp":{"$date":"2025-08-16T12:05:43.303Z"}}
{"_id":{"$oid":"68a0637345044fc929e7a049"},"user":{"$oid":"68a036b603e7587ee0bff91c"},"title":"Abdullah","parent":null,"files":{},"metadata":{"type":"client","industry":"salud","description":"My","logoUrl":"/uploads/Profile Picture.png","contact":{"name":"Abdullha","whatsapp":"0346 85642918","position":"ventas","email":"maansoorabdullah@gmail.com"},"createdAt":"2025-08-16T12:06:42.456Z"},"timestamp":{"$date":"2025-08-16T12:06:43.303Z"}}
{"_id":{"$oid":"68a0637345044fc929e7a04a"},"user":{"$oid":"68a036b603e7587ee0bff91c"},"title":"Abdullah","parent":null,"files":{},"metadata":{"type":"client","industry":"salud","description":"My","logoUrl":"/uploads/Profile Picture.png","contact":{"name":"Abdullha","whatsapp":"0346 85642918","position":"ventas","email":"maansoorabdullah@gmail.com"},"createdAt":"2025-08-16T12:07:42.456Z"},"timestamp":{"$date":"2025-08-16T12:07:43.303Z"}}
{"_id":{"$oid":"68a0637345044fc929e7a04b"},"user":{"$oid":"68a036b603e7587ee0bff91c"},"title":"Abdullah","parent":null,"files":{},"metadata":{"type":"client","industry":"salud","description":"My","logoUrl":"/uploads/Profile Picture.png","contact":{"name":"Abdullha","whatsapp":"0346 85642918","position":"ventas","email":"maansoorabdullah@gmail.com"},"createdAt":"2025-08-16T12:08:42.456Z"},"timestamp":{"$date":"2025-08-16T12:08:43.303Z"}}
{"_id":{"$oid":"68a0637345044fc929e7a04c"},"user":{"$oid":"68a036b603e7587ee0bff91c"},"title":"Abdullah","parent":null,"files":{},"metadata":{"type":"client","industry":"salud","description":"My","logoUrl":"/uploads/Profile Picture.png","contact":{"name":"Abdullha","whatsapp":"0346 85642918","position":"ventas","email":"maansoorabdullah@gmail.com"},"createdAt":"2025-08-16T12:09:42.456Z"},"timestamp":{"$date":"2025-08-16T12:09:43.303Z"}}
{"_id":{"$oid":"68a0637345044fc929e7a04d"},"user":{"$oid":"68a036b603e7587ee0bff91c"},"title":"Abdullah","parent":null,"files":{},"metadata":{"type":"client","industry":"salud","description":"My","logoUrl":"/uploads/Profile Picture.png","contact":{"name":"Abdullha","whatsapp":"0346 85642918","position":"ventas","email":"maansoorabdullah@gmail.com"},"createdAt":"2025-08-16T12:10:42.456Z"},"timestamp":{"$date":"2025-08-16T12:10:43.303Z"}}
{"_id":{"$oid":"68a0637345044fc929e7a04e"},"user":{"$oid":"68a036b603e7587ee0bff91c"},"title":"Abdullah","parent":null,"files":{},"metadata":{"type":"client","industry":"salud","description":"My","logoUrl":"/uploads/Profile Picture.png","contact":{"name":"Abdullha","whatsapp":"0346 85642918","position":"ventas","email":"maansoorabdullah@gmail.com"},"createdAt":"2025-08-16T12:11:42.456Z"},"timestamp":{"$date":"2025-08-16T12:11:43.303Z"}}
{"_id":{"$oid":"68a0637345044fc929e7a04f"},"user":{"$oid":"68a036b603e7587ee0bff91c"},"title":"Abdullah","parent":null,"files":{},"metadata":{"type":"client","industry":"salud","description":"My","logoUrl":"/uploads/Profile Picture.png","contact":{"name":"Abdullha","whatsapp":"0346 85642918","position":"ventas","email":"maansoorabdullah@gmail.com"},"createdAt":"2025-08-16T12:12:42.456Z"},"timestamp":{"$date":"2025-08-16T12:12:43.303Z"}}
{"_id":{"$oid":"68a0637345044fc929e7a050"},"user":{"$oid":"68a036b603e7587ee0bff91c"},"title":"Abdullah","parent":null,"files":{},"metadata":{"type":"client","industry":"salud","description":"My","logoUrl":"/uploads/Profile Picture.png","contact":{"name":"Abdullha","whatsapp":"0346 85642918","position":"ventas","email":"maansoorabdullah@gmail.com"},"createdAt":"2025-08-16T12:13:42.456Z"},"timestamp":{"$date":"2025-08-16T12:13:43.303Z"}}